x [m],y [m],z [m],stn. height above GW table [m],dg/dH (x-component) [uGal/m],dg/dH (y-component) [uGal/m],dg/dH (z-component) [uGal/m],dg/dH [uGal/m]
2606257.0,1115919.0,2484.0,4.0,-19.954603649632162,-3.2825181556785,-25.76520907942609,32.75373461397666
2606277.0,1115919.0,2480.0,4.0,-14.249307896533324,-2.042823451426694,-21.789395848123306,26.115008608271967
2606297.0,1115919.0,2480.0,4.0,-18.306977128023384,2.8916858611165344,-22.737623185451298,29.334395627129
2606317.0,1115919.0,2481.0,4.0,-20.714101264616698,3.737060939612106,-25.808163700201643,33.30316695516472
2606337.0,1115919.0,2481.0,4.0,-20.615426585843185,3.3763151618221827,-28.647441254119357,35.455200010667824
2606357.0,1115919.0,2482.0,4.0,-21.350021086116207,5.961504539680828,-32.74125144536692,39.53925243303144
2606377.0,1115919.0,2480.0,4.0,-14.100064327477572,-4.762603982715899,-35.68721755390348,38.66615713352988
2606397.0,1115919.0,2481.0,4.0,-15.566506688206818,9.02976022090028,-36.810382329869,40.97385687718539
2606417.0,1115919.0,2483.0,4.0,-13.795631475732872,3.551104320317039,-39.40085207992582,41.896980014461676
2606437.0,1115919.0,2484.0,4.0,-13.326115327816781,3.021940054016995,-40.31510040976358,42.56788451954906
2606457.0,1115919.0,2484.0,4.0,-12.729003971813036,-0.6616980848568913,-39.680324022812606,41.67725400053768
2606477.0,1115919.0,2483.0,4.0,-11.369229456715903,-0.04776162650380341,-35.854575663995156,37.613990158684
2606497.0,1115919.0,2484.0,4.0,-13.273789139716222,1.3981500050143585,-36.34846864042472,38.721563424868435
2606517.0,1115919.0,2485.0,4.0,-12.72519286025685,1.163956282947261,-35.33555726265107,37.57508396027129
2606537.0,1115919.0,2485.0,4.0,-12.565544060687195,1.1129839751890156,-35.221098346968596,37.41199539769207
2606557.0,1115919.0,2485.0,4.0,-10.913133531189757,-0.4813151794972693,-34.692997139669515,36.372134915408935
2606577.0,1115919.0,2485.0,4.0,-9.047087400786394,0.7496840497861581,-31.678931645127527,32.954006232757706
2606597.0,1115919.0,2486.0,4.0,-8.470452085432656,3.7332098421508038,-32.82002780133684,34.10043458869205
2606617.0,1115919.0,2489.0,4.0,-7.830480884029073,4.555955858885391,-32.217795487827175,33.46729016156991
2606637.0,1115919.0,2493.0,4.0,-7.561109168044537,6.9123357474069085,-35.02770998889448,36.495084934852045
2606257.0,1115939.0,2470.0,4.0,-18.047085468117853,-2.898238435278461,-30.678000446559867,35.71045773048006
2606277.0,1115939.0,2466.0,4.0,-14.42845919917441,-2.1651457044807634,-27.34114952584957,30.99042994504491
2606297.0,1115939.0,2463.0,4.0,-11.32256146012126,-2.1788986777464676,-23.729099571917804,26.382156165865187
2606317.0,1115939.0,2462.0,4.0,-10.700857395209175,3.0746339203950765,-18.668751517032838,21.73669721787932
2606337.0,1115939.0,2464.0,4.0,-9.56769582155326,8.343786917114157,-21.17690502557709,24.690502018271825
2606357.0,1115939.0,2470.0,4.0,-16.979193425294117,8.353701652238044,-33.10309948959074,38.12994278104674
2606377.0,1115939.0,2469.0,4.0,-16.922717102102425,-4.251470135284815,-24.96680207091795,30.4597202560595
2606397.0,1115939.0,2471.0,4.0,-18.194180466286486,8.094873073842807,-29.071442846575643,35.237820053220375
2606417.0,1115939.0,2474.0,4.0,-20.328774125575073,5.22120429398617,-33.31377630411749,39.37420124102798
2606437.0,1115939.0,2477.0,4.0,-20.785146628751242,4.86706995746648,-36.923304488201,42.65021810821096
2606457.0,1115939.0,2478.0,4.0,-17.94843411403286,-0.2521181354453463,-38.45767403578902,42.44057660945478
2606477.0,1115939.0,2476.0,4.0,-14.741395000457642,0.5497466872935719,-32.66052131405993,35.83741899866494
2606497.0,1115939.0,2477.0,4.0,-10.603994078904298,1.8814243986449204,-36.841770456120145,38.38359673786058
2606517.0,1115939.0,2478.0,4.0,-9.685131162450762,1.3050559431203663,-35.37275859609409,36.697915299729175
2606537.0,1115939.0,2478.0,4.0,-9.14035731945811,1.2026752424475569,-34.23286785791867,35.45252884413027
2606557.0,1115939.0,2478.0,4.0,-7.774472998500331,1.6703120924792554,-33.204855719858685,34.1437375849119
2606577.0,1115939.0,2479.0,4.0,-5.901508867582579,1.984886122038225,-31.536161934093094,32.1449387830333
2606597.0,1115939.0,2481.0,4.0,-7.332074278301502,3.5263960881537164,-31.96951890621826,32.988557435694624
2606617.0,1115939.0,2484.0,4.0,-7.063767713194864,5.901560559971576,-31.86841986158812,33.17109307549949
2606637.0,1115939.0,2488.0,4.0,-7.770496683607912,7.136336307642062,-35.65422456890091,37.182410414271814
2606257.0,1115959.0,2454.0,4.0,-12.249660799346993,2.384683477889878,-27.440038350580846,30.144595032445324
2606277.0,1115959.0,2454.0,4.0,-13.24810438358852,0.33858746154331815,-30.681249082591496,33.421040625563904
2606297.0,1115959.0,2452.0,4.0,-9.978059681147544,-1.0917122838601958,-26.946569970547728,28.75536721881496
2606317.0,1115959.0,2452.0,4.0,-6.087548294286145,5.53746986856833,-26.092819089920955,27.35977018982272
2606337.0,1115959.0,2456.0,4.0,-7.899116845497741,8.261043088934127,-32.27080513787611,34.23515363048373
2606357.0,1115959.0,2461.0,4.0,-13.740103769468336,4.8737814676116455,-35.83648451355471,38.6884714053171
2606377.0,1115959.0,2458.0,4.0,-5.278832193962951,-5.0004093622675425,-28.97653335146496,29.874899969553603
2606397.0,1115959.0,2459.0,4.0,-8.796370036663927,3.685917462510044,-26.405324628191416,28.07495827392318
2606417.0,1115959.0,2462.0,4.0,-14.257737428740985,5.286032566593111,-27.69734828359579,31.59696692445038
2606437.0,1115959.0,2465.0,4.0,-15.336453627013073,4.517121105505434,-29.08999255731818,33.19395818398511
2606457.0,1115959.0,2467.0,4.0,-16.786836068817266,3.4969113835899863,-32.579689987864704,36.816605684546715
2606477.0,1115959.0,2467.0,4.0,-10.555840981725739,6.834634946901905,-29.595990945366445,32.15681411034224
2606497.0,1115959.0,2471.0,4.0,-11.318286182171228,3.851911010865455,-38.76861570783353,40.57026478147304
2606517.0,1115959.0,2472.0,4.0,-9.632391663417948,1.6782840096794933,-35.998937347013744,37.303124486949486
2606537.0,1115959.0,2472.0,4.0,-7.996284824186778,2.254587093837135,-33.58778285084787,34.600041774381246
2606557.0,1115959.0,2474.0,4.0,-7.022714092309509,1.728812430654702,-35.959926751978536,36.68001687091174
2606577.0,1115959.0,2475.0,4.0,-5.616632147754528,2.9264309871100576,-34.840093697816414,35.411053131446614
2606597.0,1115959.0,2477.0,4.0,-4.623746321128157,3.2874161256785484,-33.57536542724153,34.05130391627203
2606617.0,1115959.0,2479.0,4.0,-4.133152134046965,4.514651251165134,-32.27335113878192,32.848656231418964
2606637.0,1115959.0,2483.0,4.0,-7.16384730522095,6.41451242603054,-34.85959344483573,36.16155324395588
2606257.0,1115979.0,2441.0,4.0,-5.567826940504356,1.4113541650524324,-24.108442160965712,24.783252426734588
2606277.0,1115979.0,2442.0,4.0,-7.638012266115044,1.6855614128642349,-24.33574693958754,25.56186471604732
2606297.0,1115979.0,2442.0,4.0,-6.691206332455301,1.2904246318773551,-24.241321683923466,25.180927602006715
2606317.0,1115979.0,2445.0,4.0,-9.446547906671622,6.033984375520981,-30.143806435900782,32.16046176972785
2606337.0,1115979.0,2449.0,4.0,-11.365870485428388,6.157991996882265,-32.13265061945378,34.63540259845526
2606357.0,1115979.0,2452.0,4.0,-13.080783737042418,4.605478130455217,-36.111633016510915,38.68290799700218
2606377.0,1115979.0,2451.0,4.0,-10.500788892271826,-2.0594879389776253,-30.61076016180906,32.427252359930996
2606397.0,1115979.0,2452.0,4.0,-9.3244407910474,3.3355301043118097,-30.99651477254354,32.54005047917149
2606417.0,1115979.0,2454.0,4.0,-9.215133799030099,4.836826789968902,-32.018603122390815,33.66755901813143
2606437.0,1115979.0,2456.0,4.0,-8.816616054935697,3.2071476588049608,-31.53973185500134,32.90551929769403
2606457.0,1115979.0,2457.0,4.0,-6.9909499889159115,4.118010606262873,-28.820969828417795,29.94127076380336
2606477.0,1115979.0,2460.0,4.0,-7.338385779108451,6.732334996930805,-29.95789981286944,31.56979571602964
2606497.0,1115979.0,2465.0,4.0,-10.894707428973906,7.23876183745499,-36.402107894189314,38.680845156776684
2606517.0,1115979.0,2466.0,4.0,-8.554005483305064,2.337937222037076,-34.36279890351832,35.48857434085285
2606537.0,1115979.0,2468.0,4.0,-5.6455639852955475,5.899907330753022,-36.51767570501598,37.419539523092126
2606557.0,1115979.0,2470.0,4.0,-5.929547713445255,3.1346958247827987,-35.52854025544064,36.15609252508352
2606577.0,1115979.0,2471.0,4.0,-4.641445656753253,3.899384236435428,-34.82314631425685,35.34684900287571
2606597.0,1115979.0,2474.0,4.0,-3.9428917757915873,4.399510108151395,-35.2836081988034,35.774782910228794
2606617.0,1115979.0,2476.0,4.0,-3.3508953476483985,4.436763146018525,-34.61160451905908,35.05533531758769
2606637.0,1115979.0,2479.0,4.0,-2.2474819510512125,4.979260058799404,-33.71969345017463,34.15936082872755
2606257.0,1115999.0,2437.0,4.0,-2.1868152303118897,0.5658132955112632,-36.84428146352464,36.913458007890924
2606277.0,1115999.0,2437.0,4.0,-2.441483079705903,0.2766113426993463,-35.12107863799039,35.20692429280503
2606297.0,1115999.0,2437.0,4.0,-2.299811967291379,0.47763489236225953,-33.23665169335084,33.3195481055854
2606317.0,1115999.0,2438.0,4.0,-3.996248742656483,2.6922197764881513,-31.281457907184013,31.65039747202273
2606337.0,1115999.0,2440.0,4.0,-7.822194067289183,4.332120690971682,-29.47003720253927,30.79670570737279
2606357.0,1115999.0,2444.0,4.0,-11.506260455167329,5.173412278311051,-33.59173550583222,35.88262697402904
2606377.0,1115999.0,2445.0,4.0,-9.175285587426082,2.044392171420969,-34.332112285967874,35.59577698235709
2606397.0,1115999.0,2445.0,4.0,-8.845343911535345,1.898892329111782,-30.40923595504349,31.726448467491668
2606417.0,1115999.0,2448.0,4.0,-9.245542728734451,5.3261713551958385,-32.88243586541645,34.57025817226405
2606437.0,1115999.0,2449.0,4.0,-7.130400514605555,4.57895686125172,-30.261859665364444,31.425938456028693
2606457.0,1115999.0,2453.0,4.0,-5.665939037646864,6.933590050369128,-33.233138780935406,34.41829527152415
2606477.0,1115999.0,2457.0,4.0,-5.92914964663953,7.030803680046937,-35.606259328588465,36.77489251234189
2606497.0,1115999.0,2459.0,4.0,-4.6825757938651815,4.536622163400328,-34.01377179728783,34.63299190940222
2606517.0,1115999.0,2462.0,4.0,-5.096494620146935,6.0103820544305915,-34.445544276206334,35.33545627747714
2606537.0,1115999.0,2465.0,4.0,-6.146496664566963,3.9157471187132407,-37.03647025861422,37.746690265008134
2606557.0,1115999.0,2466.0,4.0,-4.321769017864111,4.399028693017879,-34.87959250689042,35.42054649963056
2606577.0,1115999.0,2469.0,4.0,-2.9330257750597104,4.962510270912706,-34.944177650495476,35.41644674519828
2606597.0,1115999.0,2472.0,4.0,-1.993794712229755,5.503255685542725,-36.40609946112295,36.87363717438449
2606617.0,1115999.0,2475.0,4.0,-2.0420286642705805,5.309471698604579,-36.59963272350624,37.03908052691825
2606637.0,1115999.0,2478.0,4.0,-1.8496796872606305,5.215709820041686,-36.28030234137931,36.699935720028684
2606257.0,1116019.0,2434.0,4.0,-4.712091859013321,0.3980451494379813,-39.582593530778325,39.864068536108874
2606277.0,1116019.0,2434.0,4.0,-4.494307261148967,0.16656350461973138,-38.17216820097472,38.436193442147626
2606297.0,1116019.0,2434.0,4.0,-4.264574089735501,0.20417748417014167,-37.589611373237226,37.83129873270135
2606317.0,1116019.0,2434.0,4.0,-4.8664716222450135,1.2649307279299047,-34.70784482196297,35.07017376606564
2606337.0,1116019.0,2436.0,4.0,-6.167384071386673,2.897834154111939,-35.45908321577492,36.10790289634642
2606357.0,1116019.0,2438.0,4.0,-6.416182591085672,3.5214057934682623,-35.440623310527606,36.18847162347611
2606377.0,1116019.0,2439.0,4.0,-8.9211149141143,0.6414714190220911,-34.38680946742771,35.53097862769094
2606397.0,1116019.0,2439.0,4.0,-7.677412351334663,1.305242629699651,-29.65161227202619,30.65720843562547
2606417.0,1116019.0,2441.0,4.0,-5.41482733378991,5.760216511518834,-29.393182584398765,30.437799390792616
2606437.0,1116019.0,2445.0,4.0,-4.6033258414949465,6.691139526134753,-31.829537950542917,32.84937507938666
2606457.0,1116019.0,2449.0,4.0,-5.012615464288072,6.856902236919925,-33.23643564901037,34.30457807247168
2606477.0,1116019.0,2453.0,4.0,-5.426775781428664,7.06620604430446,-34.40246493407747,35.53745568808909
2606497.0,1116019.0,2456.0,4.0,-4.934051162689361,5.793025075090546,-37.00313090794825,37.777449588179174
2606517.0,1116019.0,2459.0,4.0,-3.441870230856379,5.5093708422826175,-35.21525705156182,35.80941170937361
2606537.0,1116019.0,2461.0,4.0,-2.06531653726338,5.663191094892272,-35.14541318465746,35.6586221508439
2606557.0,1116019.0,2465.0,4.0,-1.6993867520539125,5.845439360457905,-36.67303799460207,37.174840852428325
2606577.0,1116019.0,2467.0,4.0,-1.9340362780265599,5.690286669242476,-36.99692278891619,37.48189102155742
2606597.0,1116019.0,2470.0,4.0,-0.8906588458150803,5.791768639066639,-36.838389427733645,37.30153874543867
2606617.0,1116019.0,2474.0,4.0,-0.08781805088891596,6.087554930314425,-37.70457771093255,38.19294722065068
2606637.0,1116019.0,2477.0,4.0,-0.37935018916579166,5.711773293927069,-39.214198501574565,39.62980727745382
2606257.0,1116039.0,2431.0,4.0,-5.551960880777098,0.5895890870469824,-40.952936353765075,41.33176600278262
2606277.0,1116039.0,2431.0,4.0,-5.291377875767897,0.5074675570168256,-39.66912371008805,40.02368772454459
2606297.0,1116039.0,2431.0,4.0,-5.417642238336462,-0.07834173990900453,-40.12404111963148,40.48821631809306
2606317.0,1116039.0,2431.0,4.0,-6.231060370232594,-0.4084617710936378,-38.59505557450883,39.096947056712146
2606337.0,1116039.0,2432.0,4.0,-8.31496539656563,2.4321276843411312,-37.54508108664022,38.53163646176232
2606357.0,1116039.0,2433.0,4.0,-9.715887561065918,2.514667143191637,-38.03411902360335,39.335940713830006
2606377.0,1116039.0,2433.0,4.0,-8.711486522844604,-1.8780084308421825,-34.83462656771342,35.95647537253983
2606397.0,1116039.0,2433.0,4.0,-4.77591922001159,5.760431162975688,-25.286568201510065,26.370485452283155
2606417.0,1116039.0,2440.0,4.0,-1.1551959239948204,9.147028879293096,-37.20575980924571,38.331073268625275
2606437.0,1116039.0,2444.0,4.0,-0.7561884252175693,7.2858838631932406,-36.755573859874616,37.47836888621317
2606457.0,1116039.0,2447.0,4.0,-0.8931060709118573,7.031251320743507,-37.22643900552898,37.89516980594924
2606477.0,1116039.0,2451.0,4.0,-1.831130103422624,6.705712423669786,-36.751340145866074,37.40294933667353
2606497.0,1116039.0,2454.0,4.0,-0.8661746893843555,7.487287322239422,-36.83827583666732,37.60144008753767
2606517.0,1116039.0,2458.0,4.0,-0.04339984957962392,6.148090621876539,-37.83756073182188,38.33382193280575
2606537.0,1116039.0,2461.0,4.0,-0.32946498711073,6.194977139227758,-37.317944377676014,37.83008408011548
2606557.0,1116039.0,2464.0,4.0,-0.036509324843094874,6.389060252878816,-38.13356148537894,38.66509970768073
2606577.0,1116039.0,2467.0,4.0,0.07316242978649035,6.518365886962774,-38.94743025520157,39.489198144065206
2606597.0,1116039.0,2470.0,4.0,0.13105889845342994,6.573619828354255,-39.64542196801086,40.186927440453
2606617.0,1116039.0,2474.0,4.0,-0.2559054471405368,6.324857483733078,-40.76350609807832,41.25206345378953
2606637.0,1116039.0,2476.0,4.0,-1.236378371062755,4.839358571680587,-40.33205645265841,40.640162408166574
2606257.0,1116059.0,2428.0,4.0,-4.682856045724551,0.737046059759591,-43.837781849417325,44.09334978334362
2606277.0,1116059.0,2428.0,4.0,-4.753919643881414,0.3371538768224643,-42.9962108101808,43.25953731549432
2606297.0,1116059.0,2429.0,4.0,-7.194934346169031,-1.9976706983736505,-44.03483645523106,44.66345922679713
2606317.0,1116059.0,2426.0,4.0,-11.632703774142596,-4.727285164535458,-35.61085067708885,37.759763082806906
2606337.0,1116059.0,2425.0,4.0,-15.47406539141526,0.188988353761264,-30.929901197579493,34.5852743870521
2606357.0,1116059.0,2427.0,4.0,-18.92053457853765,3.044869077875754,-34.487208894784324,39.454092738162586
2606377.0,1116059.0,2427.0,4.0,-19.23076369071223,-3.396976428592484,-24.76681310042802,31.53976461763724
2606397.0,1116059.0,2431.0,4.0,-7.151912150895855,12.836551125842623,-28.193967866402275,31.793501164109426
2606417.0,1116059.0,2440.0,4.0,-5.423597745697224,12.16003242365231,-40.44958105290096,42.584626432629555
2606437.0,1116059.0,2443.0,4.0,-3.343224760880005,7.2411034648170265,-38.63546413687475,39.45009277887292
2606457.0,1116059.0,2446.0,4.0,-1.4554118614643334,7.405056290907788,-37.16533843222937,37.92381129501819
2606477.0,1116059.0,2450.0,4.0,-0.832540183424391,7.79851895589299,-37.90610994940594,38.708954940154214
2606497.0,1116059.0,2454.0,4.0,-0.6937627676413716,7.898828476049701,-38.62334718020225,39.42886944199969
2606517.0,1116059.0,2458.0,4.0,-0.4554739537977348,7.648027794822157,-40.10441568542779,40.82969437973479
2606537.0,1116059.0,2461.0,4.0,0.40251281957920265,6.456557229653671,-40.06218183612542,40.58112321388475
2606557.0,1116059.0,2464.0,4.0,0.11055201441630857,6.59987996936974,-40.15120665411113,40.69017121049158
2606577.0,1116059.0,2467.0,4.0,-0.046223307377569155,6.721448078419585,-40.87486578658776,41.42384161248928
2606597.0,1116059.0,2471.0,4.0,-0.3222955397227873,6.6014675937582155,-41.75170524067016,42.27159967768158
2606617.0,1116059.0,2473.0,4.0,-1.5464001103604688,5.138958449309137,-41.95244140131558,42.294297331624584
2606637.0,1116059.0,2476.0,4.0,-1.7302045187250727,4.772805494382068,-40.95925366386802,41.27267547257999
2606257.0,1116079.0,2426.0,4.0,-7.246912313644048,2.2359638547991922,-47.10337097972425,47.71000765138423
2606277.0,1116079.0,2427.0,4.0,-7.222369489876432,-1.2295788162478842,-47.20206090288324,47.76723813026207
2606297.0,1116079.0,2424.0,4.0,-11.35083046787646,-7.272184368775887,-41.09477275273854,43.249351040254496
2606317.0,1116079.0,2421.0,4.0,-13.625282056681032,-8.342068500936264,-35.674464515816716,39.08843609673701
2606337.0,1116079.0,2415.0,4.0,-16.427796617681334,-5.116129696717455,-18.028184064632132,24.921129698586952
2606357.0,1116079.0,2413.0,4.0,-9.421843917202084,-0.10494313493570451,-12.935573938170416,16.003475527883364
2606377.0,1116079.0,2421.0,4.0,0.4268761481323717,11.975335061116738,-24.323722410884113,27.11520505166063
2606397.0,1116079.0,2429.0,4.0,0.4588700070160271,12.611988989694693,-30.061562266422868,32.60322612652831
2606417.0,1116079.0,2436.0,4.0,0.0773055687737666,14.45770564120801,-34.726492275252156,37.61596063244868
2606437.0,1116079.0,2442.0,4.0,0.013188717050325023,9.569097883326306,-39.943355518759496,41.07358589581572
2606457.0,1116079.0,2446.0,4.0,1.546809943411822,8.731911542414093,-40.285914722352466,41.25037969767354
2606477.0,1116079.0,2450.0,4.0,2.2484371490624517,8.445448515222331,-40.225985759418975,41.16443854291631
2606497.0,1116079.0,2454.0,4.0,2.501068000130655,8.412443198714648,-40.52952728390626,41.46886933073749
2606517.0,1116079.0,2458.0,4.0,2.3958878370192536,8.34928628834041,-42.20260031611379,43.08724095940576
2606537.0,1116079.0,2461.0,4.0,1.3139624468928086,6.753132599180673,-42.571828833154605,43.12414529487367
2606557.0,1116079.0,2464.0,4.0,0.7236562526630077,6.231523465008922,-42.12433265831365,42.588906595206744
2606577.0,1116079.0,2467.0,4.0,-0.5383516217920691,6.712242657655209,-43.264632669524225,43.785528020029574
2606597.0,1116079.0,2470.0,4.0,-2.372186698704601,5.3823809754700624,-44.10378983339389,44.49428696323598
2606617.0,1116079.0,2472.0,4.0,-3.648537009056575,4.646792298834442,-43.14214302178118,43.5447930927084
2606637.0,1116079.0,2474.0,4.0,-4.261076132012921,4.177989617854644,-41.27335519458869,41.70254447954456
2606257.0,1116099.0,2424.0,4.0,-8.045233646372598,2.961510141334013,-47.85409207348279,48.61594856545863
2606277.0,1116099.0,2424.0,4.0,-8.872477211408073,-4.627407592800373,-48.962901566792446,49.9749885716472
2606297.0,1116099.0,2420.0,4.0,-10.868529897219704,-11.741642120245078,-41.710568892489064,44.673959519408484
2606317.0,1116099.0,2410.0,4.0,-13.096521529799125,-12.697135330641458,-17.351996637148623,25.175939090344432
2606337.0,1116099.0,2401.0,4.0,-4.802475309018509,2.2565783452068007,-2.743344462882223,5.9734289787202846
2606357.0,1116099.0,2411.0,4.0,2.8234713560501956,12.721891189915238,-18.357210841449195,22.51234540921711
2606377.0,1116099.0,2422.0,4.0,1.0157488285082128,14.16077825378888,-31.49252071429364,34.54472821395198
2606397.0,1116099.0,2429.0,4.0,0.6115540704526237,14.331770457488185,-35.39138303164646,38.18800381952337
2606417.0,1116099.0,2437.0,4.0,0.7427029179623741,15.56297041439014,-40.696678321956746,43.57725647840117
2606437.0,1116099.0,2442.0,4.0,-0.1015743784643966,10.050106839774255,-42.907037604549174,44.0684563020244
2606457.0,1116099.0,2447.0,4.0,-0.4138442617467492,9.752326125811775,-42.69833894736116,43.7998548034227
2606477.0,1116099.0,2451.0,4.0,-0.21993915545857523,9.74435588277563,-43.57923093571898,44.6559090574922
2606497.0,1116099.0,2456.0,4.0,-0.11744183854748441,9.74682532366512,-44.670302224985534,45.721442424173674
2606517.0,1116099.0,2460.0,4.0,0.2154548549389942,7.422450520059725,-47.77887880078143,48.352460661035785
2606537.0,1116099.0,2462.0,4.0,-0.507779499536041,6.09921382796868,-46.60299811123338,47.003166726243634
2606557.0,1116099.0,2464.0,4.0,-5.90241408374468,4.479568625235971,-45.77522863835636,46.3710748633023
2606577.0,1116099.0,2466.0,4.0,-6.304307160617333,4.162259515927779,-42.76857353227961,43.43062945709341
2606597.0,1116099.0,2468.0,4.0,-6.315859384464218,4.7671051893725025,-41.578441587743946,42.324722993970106
2606617.0,1116099.0,2470.0,4.0,-5.5272121302251795,4.48162750630846,-40.84500057014778,41.460211415442416
2606637.0,1116099.0,2472.0,4.0,-4.45348182742923,4.061012978127293,-38.80380157427881,39.269076172120016
2606257.0,1116119.0,2422.0,4.0,-11.001695839554866,0.3278218599785148,-53.702279633443055,54.81860647942879
2606277.0,1116119.0,2421.0,4.0,-12.386263907344741,-4.544137715210298,-50.19960366436789,51.904421095093674
2606297.0,1116119.0,2419.0,4.0,-15.424944505790553,-17.91456324991245,-45.438786300661604,51.22054070311075
2606317.0,1116119.0,2400.0,4.0,-7.068419493120967,-10.03200386796982,-11.866965056440433,17.071277497260485
2606337.0,1116119.0,2399.0,4.0,0.2374259819214476,10.461110141911417,-9.89852601242639,14.403888840058963
2606357.0,1116119.0,2415.0,4.0,-0.30112549657523263,21.46642457417038,-29.950496993679383,36.85010625129365
2606377.0,1116119.0,2424.0,4.0,2.5987253897017775,15.900196502446876,-40.38055902853097,43.47596082807347
2606397.0,1116119.0,2431.0,4.0,2.4478333101409824,15.682780683626639,-42.3296751346807,45.207774717326814
2606417.0,1116119.0,2439.0,4.0,-0.5065016245960664,15.031784317569842,-48.48641788486938,50.76557694906894
2606437.0,1116119.0,2443.0,4.0,-1.5623214984910636,10.556093575352968,-46.758088745838556,47.96030466125054
2606457.0,1116119.0,2447.0,4.0,-1.7408862579816227,10.278257721094501,-46.33747169511272,47.49562663909005
2606477.0,1116119.0,2452.0,4.0,-2.312485920939841,10.372950446261527,-47.17127005053007,48.353639059280496
2606497.0,1116119.0,2456.0,4.0,-4.651551103387588,9.637000701014943,-48.93364537795885,50.09002256093145
2606517.0,1116119.0,2459.0,4.0,-5.914675648642437,7.263017459380477,-50.735530857836785,51.59291523136115
2606537.0,1116119.0,2460.0,4.0,-8.376637506423027,1.3864022457392415,-46.46479523077147,47.23417579400033
2606557.0,1116119.0,2461.0,4.0,-7.503680735109486,3.868661855423409,-42.09980914021494,42.93792844058253
2606577.0,1116119.0,2463.0,4.0,-6.6382553607424,3.9846811365661496,-39.80022008262817,40.54629004755146
2606597.0,1116119.0,2465.0,4.0,-5.921117349727262,4.6181211550705745,-37.97059426890863,38.70597761078032
2606617.0,1116119.0,2467.0,4.0,-4.435979545573986,4.718367585760623,-35.14145741277353,35.73321894675714
2606637.0,1116119.0,2470.0,4.0,1.2380849626775903,7.080115984912372,-34.24395765405255,34.99013478892535
2606257.0,1116139.0,2420.0,4.0,-20.543201809662598,-3.334868838080693,-55.88110773260915,59.63088706520469
2606277.0,1116139.0,2414.0,4.0,-24.45911579624021,-10.544032692253596,-40.774295292514786,48.70285543528627
2606297.0,1116139.0,2406.0,4.0,-19.2594900850694,-13.374458568588492,-29.104495407829432,37.374801046749944
2606317.0,1116139.0,2391.0,4.0,-6.085034734446778,-6.42647960067522,-1.3398253565931582,8.951112766773106
2606337.0,1116139.0,2399.0,4.0,1.7582287324431563,14.72853976663166,-19.01322178282897,24.114805711344243
2606357.0,1116139.0,2413.0,4.0,-2.6558166819129134,21.759586155838917,-29.55705254751715,36.79880850269467
2606377.0,1116139.0,2424.0,4.0,-4.533539077742898,16.92007232454115,-44.41808573731143,47.74733672786655
2606397.0,1116139.0,2431.0,4.0,-11.395005212433366,12.600891231445775,-47.69458516176158,50.63005093193803
2606417.0,1116139.0,2435.0,4.0,-13.043153280472003,16.21150698283267,-40.394225659251475,45.43820278975446
2606437.0,1116139.0,2441.0,4.0,-10.489777277600467,10.3175641348318,-48.012046325397456,50.21597504143619
2606457.0,1116139.0,2445.0,4.0,-12.881675409402861,7.963132587455316,-46.97551401315836,49.35633656136813
2606477.0,1116139.0,2449.0,4.0,-11.189849286783897,9.837645510507498,-46.327959295410004,48.664892979729366
2606497.0,1116139.0,2453.0,4.0,-10.138094506637955,8.190835094071215,-45.9763570618815,47.78803352770872
2606517.0,1116139.0,2455.0,4.0,-13.270398987941482,3.6156233022475393,-45.63881686566458,47.66631752150132
2606537.0,1116139.0,2456.0,4.0,-11.423180528389723,1.4642949462452606,-41.04198849780112,42.6271982767742
2606557.0,1116139.0,2456.0,4.0,-10.330098290812613,5.186790405462049,-35.92640512859022,37.740168400149415
2606577.0,1116139.0,2459.0,4.0,-6.229846719661558,5.887274557412462,-35.23982736013776,36.26729138269286
2606597.0,1116139.0,2463.0,4.0,-0.6065412775220821,7.867501522647569,-36.909379878763836,37.74344705462256
2606617.0,1116139.0,2467.0,4.0,-0.040206185784541375,9.049677423435309,-40.258146491555785,41.2627754391434
2606637.0,1116139.0,2472.0,4.0,-0.3027189283823907,9.39602115786631,-41.846371985583986,42.88934250725396
2606257.0,1116159.0,2404.0,4.0,-26.121016373436504,-2.0739782275392877,-30.502272658544328,40.21190768175299
2606277.0,1116159.0,2402.0,4.0,-25.9980930391459,-4.7503029403867085,-32.16294521018026,41.62837090603704
2606297.0,1116159.0,2391.0,4.0,-14.862880788911559,-8.890997527764476,-15.027599508479925,22.929976218290683
2606317.0,1116159.0,2384.0,4.0,3.300009643012018,6.827709196759393,-0.9362492975742973,7.640958007127998
2606337.0,1116159.0,2401.0,4.0,0.8278281642285386,18.982708864038866,-28.951101859692855,34.62939263366687
2606357.0,1116159.0,2414.0,4.0,-6.629430832724502,20.463980710789784,-42.964338586180624,48.048498934362385
2606377.0,1116159.0,2421.0,4.0,-15.448584575107674,12.201573210914635,-46.48237360114247,50.47918590658679
2606397.0,1116159.0,2424.0,4.0,-16.042681582828394,6.539760242741636,-39.50672279963341,43.13835002370442
2606417.0,1116159.0,2429.0,4.0,-14.649733540312614,13.346950315145355,-37.34930447086848,42.28151274463528
2606437.0,1116159.0,2436.0,4.0,-17.211381071954037,11.83310326845478,-43.0544867795053,47.85334683397317
2606457.0,1116159.0,2439.0,4.0,-14.697288942473543,7.522757684802454,-38.997080893020026,42.348252663121265
2606477.0,1116159.0,2443.0,4.0,-10.500425208107243,11.234594204605212,-39.986766976093506,42.84176198166463
2606497.0,1116159.0,2448.0,4.0,-12.600877522111107,5.812915897514862,-45.74147193275236,47.80015021036646
2606517.0,1116159.0,2449.0,4.0,-13.449488012045867,2.3644631379408074,-39.53611439852462,41.8280259568877
2606537.0,1116159.0,2449.0,4.0,-12.438735004271834,2.1888868597321407,-34.0843093725967,36.34905087616579
2606557.0,1116159.0,2452.0,4.0,-3.259177409412817,11.32047486188529,-31.414939376892868,33.55106264395299
2606577.0,1116159.0,2460.0,4.0,0.1352457860197692,10.952839580961104,-41.83359657527424,43.243875736706364
2606597.0,1116159.0,2463.0,4.0,0.9169390703379748,7.9692091072567015,-40.82293665806787,41.603620376627276
2606617.0,1116159.0,2467.0,4.0,0.5118808286171036,7.60642078862437,-39.18084097359142,39.91563551534891
2606637.0,1116159.0,2471.0,4.0,-1.5447737444678722,8.587909241505782,-39.12843095041204,40.089557489489714
2606257.0,1116179.0,2386.0,4.0,-16.62743318654588,-3.466016003888483,-25.596225821798406,30.718912377113185
2606277.0,1116179.0,2382.0,4.0,-12.83760498334313,-2.545788103761584,-21.118508568457866,24.84505067279273
2606297.0,1116179.0,2376.0,4.0,-0.038419744683647006,-0.9680514766190953,-12.15841129205896,12.196948999033848
2606317.0,1116179.0,2385.0,4.0,-0.5466977596905627,17.453827017541805,-16.940866932356876,24.329569014237503
2606337.0,1116179.0,2401.0,4.0,-9.79538021358977,18.662940957790042,-43.48879743508114,48.327324993964474
2606357.0,1116179.0,2405.0,4.0,-15.48125912834766,7.234495201309359,-33.48971022195458,37.59744666552909
2606377.0,1116179.0,2410.0,4.0,-18.463987423285968,7.445914528705449,-32.62197404179748,38.217190701564625
2606397.0,1116179.0,2413.0,4.0,-14.693562632484902,7.873709536262434,-27.578537882183188,32.22532911259712
2606417.0,1116179.0,2422.0,4.0,-13.806299347700582,13.005079065173035,-37.29098603927473,41.837347226504484
2606437.0,1116179.0,2427.0,4.0,-16.042837300546392,9.329968808620325,-37.424718441734306,41.77356217830506
2606457.0,1116179.0,2432.0,4.0,-10.928338008992286,13.696643404183792,-35.057516473291585,39.19255124963502
2606477.0,1116179.0,2440.0,4.0,-11.546235203114415,13.787842121183612,-45.929409571685355,49.324748365581605
2606497.0,1116179.0,2443.0,4.0,-12.248621605415769,2.767772585698476,-44.23508608032144,45.98295485125167
2606517.0,1116179.0,2442.0,4.0,-9.61498752312588,-0.10993432368004542,-33.368502060641454,34.72631567552801
2606537.0,1116179.0,2443.0,4.0,-4.615123781955848,7.659425615441973,-24.38311458720963,25.9711849027775
2606557.0,1116179.0,2451.0,4.0,-2.8717334137380077,14.134293664712695,-33.140796765561355,36.143291500030244
2606577.0,1116179.0,2460.0,4.0,-2.224773178821493,12.77025450041473,-42.4850136132203,44.41852538545242
2606597.0,1116179.0,2463.0,4.0,-1.510301300054432,8.4894056076876,-41.387845664580276,42.276527605089576
2606617.0,1116179.0,2467.0,4.0,-0.8625007189155476,8.027462947157828,-40.02172694727324,40.82796464067513
2606637.0,1116179.0,2471.0,4.0,0.3532457222185794,8.501777445498313,-39.92864583406994,40.82525885301452
2606257.0,1116199.0,2374.0,4.0,-11.342431952785203,-2.1800869456722407,-29.03002304882647,31.243331767109115
2606277.0,1116199.0,2371.0,4.0,-9.110265002441922,-1.4435313245507715,-23.75584923370079,25.48374156033607
2606297.0,1116199.0,2373.0,4.0,0.9225837058006396,10.88376951623815,-22.00285116543579,24.56487449561106
2606317.0,1116199.0,2385.0,4.0,-3.21362925448343,17.768096526973842,-32.103045300147755,36.83256961875551
2606337.0,1116199.0,2393.0,4.0,-19.220752817716164,10.619701448366733,-33.56031368688408,40.10623458384302
2606357.0,1116199.0,2397.0,4.0,-16.347690288959836,5.651763830258263,-36.31903960597567,40.227627944948445
2606377.0,1116199.0,2398.0,4.0,-7.754415630576856,3.4685135670603797,-26.558370964836495,27.88384149364084
2606397.0,1116199.0,2405.0,4.0,-6.488265219703132,13.208524317344791,-25.761246114693172,29.668240621662957
2606417.0,1116199.0,2414.0,4.0,-12.805633254320785,9.63372213897728,-36.12252874958597,39.51746358965681
2606437.0,1116199.0,2419.0,4.0,-11.506353830327631,9.31932198833166,-33.78306622198266,36.885518894950664
2606457.0,1116199.0,2427.0,4.0,-17.924440181923945,11.369034684375137,-36.972212478106904,42.631971582559714
2606477.0,1116199.0,2432.0,4.0,-18.765107873603842,12.483322595146321,-34.0491725979324,40.832692430530095
2606497.0,1116199.0,2436.0,4.0,-17.78516257605726,3.9900228959254815,-37.63846552068805,41.819688871616684
2606517.0,1116199.0,2436.0,4.0,-2.9627663199529763,6.20694774381804,-25.323487424481183,26.240868886128606
2606537.0,1116199.0,2443.0,4.0,1.0296750723283299,11.621069334031507,-30.789976822200618,32.92616218043933
2606557.0,1116199.0,2451.0,4.0,0.643372055711344,13.656737106402117,-34.079369156383265,36.719528838106
2606577.0,1116199.0,2459.0,4.0,-1.0043271940146794,14.046354939426987,-41.20800557176481,43.54777242752609
2606597.0,1116199.0,2463.0,4.0,0.2847028092558517,9.31151793235406,-40.62127701616886,41.675815148818366
2606617.0,1116199.0,2467.0,4.0,0.610426107092119,8.822208631027896,-40.178258366896536,41.13996147979108
2606637.0,1116199.0,2472.0,4.0,0.831273598722101,8.708260744080627,-40.066783095996115,41.010631897648544
2606257.0,1116219.0,2364.0,4.0,-10.429601244458501,-1.2803238732452051,-25.907415029789625,27.95728822444304
2606277.0,1116219.0,2365.0,4.0,0.050599705937924226,8.371223904538137,-22.4754005214492,23.983819099336753
2606297.0,1116219.0,2373.0,4.0,-5.0212287636781365,10.98825052579332,-32.686227868687595,34.847437211343895
2606317.0,1116219.0,2379.0,4.0,-6.079671935962437,9.53223956255626,-34.14471097516771,35.96786467813499
2606337.0,1116219.0,2383.0,4.0,-3.7208199035445535,8.681747403231286,-32.87518571102004,34.205190750267455
2606357.0,1116219.0,2389.0,4.0,-4.47078261016668,10.228450726635918,-34.37487898419036,36.14196185311915
2606377.0,1116219.0,2396.0,4.0,-6.2620294291935235,11.756590209804784,-37.7873542625949,40.066377027380604
2606397.0,1116219.0,2403.0,4.0,-7.880009551406527,10.993633017308749,-39.28515587247023,41.54850165016545
2606417.0,1116219.0,2408.0,4.0,-11.867767268580435,9.75074621187454,-38.909621482854895,41.83156219373858
2606437.0,1116219.0,2411.0,4.0,-19.315374034133708,-1.571145107422101,-31.1881218656864,36.71853913945883
2606457.0,1116219.0,2413.0,4.0,-16.680595775659356,5.897642268471215,-16.79758456284177,24.39637897114289
2606477.0,1116219.0,2421.0,4.0,-8.62405282596153,10.20828474466643,-28.63247537017571,31.597500065620434
2606497.0,1116219.0,2427.0,4.0,-3.6779244670975864,11.179687013511995,-21.287794462560072,24.324529249010496
2606517.0,1116219.0,2439.0,4.0,1.8886596857867592,16.948377032705558,-38.16098595867247,41.79803068075642
2606537.0,1116219.0,2446.0,4.0,2.5786841481434015,14.000020122466871,-38.384036151510045,40.938788534173725
2606557.0,1116219.0,2453.0,4.0,2.4404628234097245,15.237669089884763,-40.13516219362062,42.99969374767114
2606577.0,1116219.0,2460.0,4.0,0.812236725096585,11.845677158203843,-45.457655799423,46.982744349524786
2606597.0,1116219.0,2465.0,4.0,-0.07474144425809517,11.283938814853153,-43.75851332896684,45.19004702611193
2606617.0,1116219.0,2470.0,4.0,0.7985163399890965,11.02668210956618,-44.62344176790017,45.972566840495574
2606637.0,1116219.0,2474.0,4.0,3.591829295059347,10.487785012305674,-45.63811748910261,46.96522798942132
2606257.0,1116239.0,2357.0,4.0,-1.4852448523501725,5.242387824991916,-26.274037388540673,26.833069579783253
2606277.0,1116239.0,2363.0,4.0,-1.4574406932710926,10.092990834413987,-31.531435742297774,33.1394634435837
2606297.0,1116239.0,2369.0,4.0,-3.0832239580126117,10.845790132110892,-35.308991991797626,37.065649178746156
2606317.0,1116239.0,2375.0,4.0,-4.52722525857816,10.282924948252123,-38.008850411088886,39.63466946507597
2606337.0,1116239.0,2378.0,4.0,-5.510220066624555,3.892657086303707,-33.87269593530996,34.53802012710263
2606357.0,1116239.0,2383.0,4.0,-12.255710287480985,7.573006638652536,-29.25287315118746,32.60802741349447
2606377.0,1116239.0,2389.0,4.0,-15.038431722162382,9.286318974485201,-30.98128088348405,35.6683320879931
2606397.0,1116239.0,2396.0,4.0,-16.81319855382794,10.942028378223668,-34.6446167330657,40.033249920800955
2606417.0,1116239.0,2399.0,4.0,-18.749341876169023,-0.05068209822274842,-31.39179620631747,36.56480901800957
2606437.0,1116239.0,2398.0,4.0,-9.499954609546533,-2.606658446487972,-20.924710366114134,23.127630871878246
2606457.0,1116239.0,2398.0,4.0,1.5594850254815247,-4.237160811644045,-7.251022770945694,8.541829810597147
2606477.0,1116239.0,2413.0,4.0,-1.7810014208105447,15.282028932165161,-10.253530485760923,18.489111978861796
2606497.0,1116239.0,2429.0,4.0,-2.5567943626452343,21.95590681864062,-33.50793618642653,40.14200828453051
2606517.0,1116239.0,2441.0,4.0,-6.493098824441201,18.978222358533976,-45.79583269016564,49.995915313348966
2606537.0,1116239.0,2448.0,4.0,-5.223666694731671,16.720696111505127,-46.072569248950536,49.29046570474146
2606557.0,1116239.0,2455.0,4.0,-5.066551498351701,16.311229425958206,-46.706557812444466,49.73156635537345
2606577.0,1116239.0,2461.0,4.0,-3.7422085663916738,13.10649478217815,-49.3444919045183,51.192413615151125
2606597.0,1116239.0,2465.0,4.0,-1.7511000770297593,12.276518976485441,-46.64580194708448,48.26603473402814
2606617.0,1116239.0,2470.0,4.0,-0.5711676148722171,12.29250489087591,-46.37737365332122,47.982212286599086
2606637.0,1116239.0,2476.0,4.0,0.09538463369181417,12.358106005676582,-47.12049209705478,48.714193596368666
2606257.0,1116259.0,2356.0,4.0,-5.052266869805328,7.549088907523035,-34.20532447392071,35.39093621569821
2606277.0,1116259.0,2361.0,4.0,-7.062884205951314,10.740608219127877,-34.19888856758786,36.53503766908918
2606297.0,1116259.0,2367.0,4.0,-5.27659764267498,11.1152575423638,-37.31992088678695,39.295902177094696
2606317.0,1116259.0,2373.0,4.0,-6.223270863896266,8.727199697885645,-40.97210405198211,42.35099084152157
2606337.0,1116259.0,2375.0,4.0,-6.25180729299228,4.384936802827102,-37.68832304461877,38.45416049153903
2606357.0,1116259.0,2377.0,4.0,-5.134146847544411,3.170596122570366,-33.81187490541909,34.34610644955724
2606377.0,1116259.0,2379.0,4.0,-5.66816200574427,3.490269050979605,-24.970701054834826,25.842715603076975
2606397.0,1116259.0,2386.0,4.0,-11.542876864436629,4.115364364449083,-26.19950416152908,28.923835300141363
2606417.0,1116259.0,2388.0,4.0,3.1601198021533863,7.990888747350733,-20.22660962848219,21.976268955387017
2606437.0,1116259.0,2396.0,4.0,7.635396641224279,9.590876025424576,-28.870609045929346,31.36552648190016
2606457.0,1116259.0,2404.0,4.0,14.425819532776135,11.362528883346412,-27.911026956707424,33.410129565674474
2606477.0,1116259.0,2415.0,4.0,7.192261895782673,19.642919495611398,-26.7005322971879,33.91889359106178
2606497.0,1116259.0,2427.0,4.0,-2.637285474520841,19.658953164306865,-40.11190822415453,44.74812728565884
2606517.0,1116259.0,2436.0,4.0,-10.894782769483719,16.171706422222762,-41.015828492530915,45.41495972837046
2606537.0,1116259.0,2443.0,4.0,-12.477401960758801,15.105822041047043,-41.109170646088536,45.5393821920693
2606557.0,1116259.0,2451.0,4.0,-13.123838176204151,15.107081243418278,-42.48098043923414,46.95841491414534
2606577.0,1116259.0,2458.0,4.0,-15.131138548163298,15.011824296713716,-46.387441970183836,51.04998525970688
2606597.0,1116259.0,2464.0,4.0,-14.284852332961645,13.623532158791942,-46.98892542861691,50.966820065531635
2606617.0,1116259.0,2469.0,4.0,-15.255809246356215,13.371209391825971,-46.84968132379031,51.05312523736396
2606637.0,1116259.0,2474.0,4.0,-15.086837450563712,13.469835237444286,-46.37486400136424,50.59325188924563
2606257.0,1116279.0,2351.0,4.0,-7.233003861203004,5.942889295570389,-33.05330463723522,34.35338739451261
2606277.0,1116279.0,2356.0,4.0,-6.21584979809732,8.244798900165684,-33.40444875779471,34.96384839271576
2606297.0,1116279.0,2363.0,4.0,-9.140066384984848,13.377939332566301,-33.45937956866092,37.17580066962215
2606317.0,1116279.0,2369.0,4.0,-9.731381565521819,6.581795745543974,-42.89977960403741,44.47933129538733
2606337.0,1116279.0,2371.0,4.0,-11.43672057506408,3.888716811666819,-37.84210882385359,39.72336713056703
2606357.0,1116279.0,2372.0,4.0,-10.390365330197415,2.747191731671413,-30.39100094352714,32.235379514673
2606377.0,1116279.0,2375.0,4.0,0.7973452454637627,6.547792741876722,-24.82072716320901,25.682247684762697
2606397.0,1116279.0,2382.0,4.0,4.213494681117506,10.998013220862543,-30.166462573838178,32.38402841607035
2606417.0,1116279.0,2390.0,4.0,3.373048142762383,12.410056083100713,-35.45592637604525,37.71617240578158
2606437.0,1116279.0,2397.0,4.0,-1.99862688878001,11.269236611774582,-38.736610959390916,40.39201940819398
2606457.0,1116279.0,2405.0,4.0,-10.650779580704954,14.004702509699056,-35.10745510067552,39.26963460115055
2606477.0,1116279.0,2415.0,4.0,-11.837452607156235,16.688606946746777,-37.213444998169216,42.46734480375998
2606497.0,1116279.0,2423.0,4.0,-12.116211463879752,14.391868291410429,-39.13292404301077,43.42020494321516
2606517.0,1116279.0,2430.0,4.0,-11.95620201064795,13.720379007831502,-37.72620096567366,41.88634390753581
2606537.0,1116279.0,2437.0,4.0,-13.832123396090921,13.729928356296313,-39.30803301864267,43.874366435407566
2606557.0,1116279.0,2443.0,4.0,-18.19172905542981,10.145745505604573,-37.73824207471852,43.105104950350366
2606577.0,1116279.0,2448.0,4.0,-17.171770369171195,9.2332415521161,-33.685233080149914,38.920654861336736
2606597.0,1116279.0,2454.0,4.0,-15.614629081625788,11.321135686909061,-32.1211346899702,37.46667917455944
2606617.0,1116279.0,2461.0,4.0,-8.015817926264987,14.150634705493324,-36.04698939616927,39.54591311530033
2606637.0,1116279.0,2469.0,4.0,-7.816009329289144,14.733469983101326,-41.833554474734,45.035668303790274
2606257.0,1116299.0,2347.0,4.0,-6.878193058295187,7.855199417121249,-32.402599009748215,34.0432389795163
2606277.0,1116299.0,2353.0,4.0,-2.339900804696457,10.398909155910493,-31.51414004347946,33.2679045040221
2606297.0,1116299.0,2361.0,4.0,-1.2199658733065375,12.72086080388837,-40.00597733038493,41.99746228622878
2606317.0,1116299.0,2362.0,4.0,-9.994325595611679,-2.4668439200368977,-32.875289156194185,34.449332361314355
2606337.0,1116299.0,2364.0,4.0,-1.8839080091829676,7.233331749097887,-26.620304233321107,27.64978833651616
2606357.0,1116299.0,2371.0,4.0,0.765835025687666,10.767829587056397,-33.710772672917486,35.39701755102508
2606377.0,1116299.0,2377.0,4.0,-0.49636758801748515,11.419790753521745,-38.50183225329733,40.16278237993107
2606397.0,1116299.0,2383.0,4.0,-4.355867581371363,10.490634847738587,-37.373518163465945,39.06157782028202
2606417.0,1116299.0,2388.0,4.0,-5.1869247944005314,10.112465318337321,-37.0411490265838,38.74548831602116
2606437.0,1116299.0,2393.0,4.0,-6.0476275487767,8.057491894116394,-36.21241757556112,37.58771290274632
2606457.0,1116299.0,2398.0,4.0,-4.642927169915165,4.981398211440786,-32.30605243791622,33.01593743887146
2606477.0,1116299.0,2404.0,4.0,-10.284288158598514,10.219126829363043,-25.54990927468216,29.37677654250355
2606497.0,1116299.0,2415.0,4.0,-14.304401944310156,14.273411910417028,-30.754246594512423,36.79904735376852
2606517.0,1116299.0,2422.0,4.0,-15.837803107447188,10.10426036900962,-32.90117478957118,37.88692897832861
2606537.0,1116299.0,2428.0,4.0,-15.098561782278544,9.365322877476206,-31.471159867066085,36.14014034105419
2606557.0,1116299.0,2433.0,4.0,-13.987234058909285,8.037346166382733,-29.801415090238535,33.887549209077896
2606577.0,1116299.0,2438.0,4.0,-9.555389433914714,8.850468622512995,-28.06289213474153,30.938037705032205
2606597.0,1116299.0,2448.0,4.0,-14.27588849106421,15.310940050548446,-31.86200906269349,38.12366061846567
2606617.0,1116299.0,2458.0,4.0,-16.04097198864454,19.788341993410732,-39.86318221861738,47.307130094557145
2606637.0,1116299.0,2465.0,4.0,-10.766937121268114,13.864202927210513,-42.06018801576182,45.576336773609256
